<?xml version="1.0" encoding="utf-8"?><?xml-stylesheet type="text/css" href="../css/rss.css" ?><rss version="2.0"><channel><title>Exchange Rates for Swedish Krona</title><link>http://themoneyconverter.com/SEK/</link><description>The latest currency exchange rates for Swedish Krona</description><lastBuildDate>Thu, 11 Sep 2008 09:31:03 GMT</lastBuildDate><language>en-us</language><copyright>Copyright: (C) The Money Converter, see http://themoneyconverter.com/ </copyright><docs>http://themoneyconverter.com/RSSFeeds.aspx</docs><ttl>15</ttl><image><title>The Money Converter Exchange Rates</title><url>http://themoneyconverter.com/images/artwork/TheMoneyConveD01aR02aP01ZL_sml.jpg</url><link>http://themoneyconverter.com/</link></image><item><title>AED/SEK</title><link>http://themoneyconverter.com/SEK/AED.aspx</link><guid>http://themoneyconverter.com/SEK/AED.aspx</guid><pubDate>Thu, 11 Sep 2008 09:31:03 GMT</pubDate><description>1 Swedish Krona = 0.53766 Arab Emirates Dirham</description><category>Middle-East</category></item><item><title>AUD/SEK</title><link>http://themoneyconverter.com/SEK/AUD.aspx</link><guid>http://themoneyconverter.com/SEK/AUD.aspx</guid><pubDate>Thu, 11 Sep 2008 09:31:03 GMT</pubDate><description>1 Swedish Krona = 0.18469 Australian Dollar</description><category>Oceania</category></item><item><title>CAD/SEK</title><link>http://themoneyconverter.com/SEK/CAD.aspx</link><guid>http://themoneyconverter.com/SEK/CAD.aspx</guid><pubDate>Thu, 11 Sep 2008 09:31:03 GMT</pubDate><description>1 Swedish Krona = 0.15738 Canadian Dollar</description><category>North America</category></item><item><title>CHF/SEK</title><link>http://themoneyconverter.com/SEK/CHF.aspx</link><guid>http://themoneyconverter.com/SEK/CHF.aspx</guid><pubDate>Thu, 11 Sep 2008 09:31:03 GMT</pubDate><description>1 Swedish Krona = 0.16692 Swiss Franc</description><category>Europe</category></item><item><title>PHP/SEK</title><link>http://themoneyconverter.com/SEK/PHP.aspx</link><guid>http://themoneyconverter.com/SEK/PHP.aspx</guid><pubDate>Thu, 11 Sep 2008 09:31:03 GMT</pubDate><description>1 Swedish Krona = 6.89915 Philippine Peso </description><category>Asia</category></item><item><title>CZK/SEK</title><link>http://themoneyconverter.com/SEK/CZK.aspx</link><guid>http://themoneyconverter.com/SEK/CZK.aspx</guid><pubDate>Thu, 11 Sep 2008 09:31:03 GMT</pubDate><description>1 Swedish Krona = 2.59000 Czech Koruna</description><category>Europe</category></item><item><title>DKK/SEK</title><link>http://themoneyconverter.com/SEK/DKK.aspx</link><guid>http://themoneyconverter.com/SEK/DKK.aspx</guid><pubDate>Thu, 11 Sep 2008 09:31:03 GMT</pubDate><description>1 Swedish Krona = 0.78464 Danish Krone</description><category>Europe</category></item><item><title>EUR/SEK</title><link>http://themoneyconverter.com/SEK/EUR.aspx</link><guid>http://themoneyconverter.com/SEK/EUR.aspx</guid><pubDate>Thu, 11 Sep 2008 09:31:03 GMT</pubDate><description>1 Swedish Krona = 0.10522 Eurozone Euro</description><category>Europe</category></item><item><title>GBP/SEK</title><link>http://themoneyconverter.com/SEK/GBP.aspx</link><guid>http://themoneyconverter.com/SEK/GBP.aspx</guid><pubDate>Thu, 11 Sep 2008 09:31:03 GMT</pubDate><description>1 Swedish Krona = 0.08372 Pound Sterling</description><category>Europe</category></item><item><title>HKD/SEK</title><link>http://themoneyconverter.com/SEK/HKD.aspx</link><guid>http://themoneyconverter.com/SEK/HKD.aspx</guid><pubDate>Thu, 11 Sep 2008 09:31:03 GMT</pubDate><description>1 Swedish Krona = 1.14173 Hong Kong Dollar</description><category>Asia</category></item><item><title>ILS/SEK</title><link>http://themoneyconverter.com/SEK/ILS.aspx</link><guid>http://themoneyconverter.com/SEK/ILS.aspx</guid><pubDate>Thu, 11 Sep 2008 09:31:03 GMT</pubDate><description>1 Swedish Krona = 0.53089 Israeli Sheqel</description><category>Middle-East</category></item><item><title>INR/SEK</title><link>http://themoneyconverter.com/SEK/INR.aspx</link><guid>http://themoneyconverter.com/SEK/INR.aspx</guid><pubDate>Thu, 11 Sep 2008 09:31:03 GMT</pubDate><description>1 Swedish Krona = 6.66493 Indian Rupee</description><category>Asia</category></item><item><title>ISK/SEK</title><link>http://themoneyconverter.com/SEK/ISK.aspx</link><guid>http://themoneyconverter.com/SEK/ISK.aspx</guid><pubDate>Thu, 11 Sep 2008 09:31:03 GMT</pubDate><description>1 Swedish Krona = 13.25813 Icelandic Krona</description><category>Europe</category></item><item><title>JPY/SEK</title><link>http://themoneyconverter.com/SEK/JPY.aspx</link><guid>http://themoneyconverter.com/SEK/JPY.aspx</guid><pubDate>Thu, 11 Sep 2008 09:31:03 GMT</pubDate><description>1 Swedish Krona = 15.64715 Japanese Yen</description><category>Asia</category></item><item><title>MAD/SEK</title><link>http://themoneyconverter.com/SEK/MAD.aspx</link><guid>http://themoneyconverter.com/SEK/MAD.aspx</guid><pubDate>Thu, 11 Sep 2008 09:31:03 GMT</pubDate><description>1 Swedish Krona = 1.18381 Moroccan Dirham</description><category>Africa</category></item><item><title>NOK/SEK</title><link>http://themoneyconverter.com/SEK/NOK.aspx</link><guid>http://themoneyconverter.com/SEK/NOK.aspx</guid><pubDate>Thu, 11 Sep 2008 09:31:03 GMT</pubDate><description>1 Swedish Krona = 0.85088 Norwegian Krone</description><category>Europe</category></item><item><title>NZD/SEK</title><link>http://themoneyconverter.com/SEK/NZD.aspx</link><guid>http://themoneyconverter.com/SEK/NZD.aspx</guid><pubDate>Thu, 11 Sep 2008 09:31:03 GMT</pubDate><description>1 Swedish Krona = 0.22641 New Zealand Dollar</description><category>Oceania</category></item><item><title>PLN/SEK</title><link>http://themoneyconverter.com/SEK/PLN.aspx</link><guid>http://themoneyconverter.com/SEK/PLN.aspx</guid><pubDate>Thu, 11 Sep 2008 09:31:03 GMT</pubDate><description>1 Swedish Krona = 0.35949 Polish Zloty</description><category>Europe</category></item><item><title>SGD/SEK</title><link>http://themoneyconverter.com/SEK/SGD.aspx</link><guid>http://themoneyconverter.com/SEK/SGD.aspx</guid><pubDate>Thu, 11 Sep 2008 09:31:03 GMT</pubDate><description>1 Swedish Krona = 0.21153 Singapore Dollar</description><category>Asia</category></item><item><title>THB/SEK</title><link>http://themoneyconverter.com/SEK/THB.aspx</link><guid>http://themoneyconverter.com/SEK/THB.aspx</guid><pubDate>Thu, 11 Sep 2008 09:31:03 GMT</pubDate><description>1 Swedish Krona = 5.08544 Thai Baht</description><category>Asia</category></item><item><title>TRY/SEK</title><link>http://themoneyconverter.com/SEK/TRY.aspx</link><guid>http://themoneyconverter.com/SEK/TRY.aspx</guid><pubDate>Thu, 11 Sep 2008 09:31:03 GMT</pubDate><description>1 Swedish Krona = 0.18379 Turkish New Lira</description><category>Europe</category></item><item><title>USD/SEK</title><link>http://themoneyconverter.com/SEK/USD.aspx</link><guid>http://themoneyconverter.com/SEK/USD.aspx</guid><pubDate>Thu, 11 Sep 2008 09:31:03 GMT</pubDate><description>1 Swedish Krona = 0.14638 United States Dollar</description><category>North America</category></item><item><title>ZAR/SEK</title><link>http://themoneyconverter.com/SEK/ZAR.aspx</link><guid>http://themoneyconverter.com/SEK/ZAR.aspx</guid><pubDate>Thu, 11 Sep 2008 09:31:03 GMT</pubDate><description>1 Swedish Krona = 1.20687 South African Rand</description><category>Africa</category></item><item><title>MXN/SEK</title><link>http://themoneyconverter.com/SEK/MXN.aspx</link><guid>http://themoneyconverter.com/SEK/MXN.aspx</guid><pubDate>Thu, 11 Sep 2008 09:31:03 GMT</pubDate><description>1 Swedish Krona = 1.55695 Mexican Peso</description><category>Central America</category></item><item><title>CYP/SEK</title><link>http://themoneyconverter.com/SEK/CYP.aspx</link><guid>http://themoneyconverter.com/SEK/CYP.aspx</guid><pubDate>Thu, 11 Sep 2008 09:31:03 GMT</pubDate><description>1 Swedish Krona = 0.05825 Cyprus Pound</description><category>Europe</category></item><item><title>CNY/SEK</title><link>http://themoneyconverter.com/SEK/CNY.aspx</link><guid>http://themoneyconverter.com/SEK/CNY.aspx</guid><pubDate>Thu, 11 Sep 2008 09:31:03 GMT</pubDate><description>1 Swedish Krona = 1.00273 Chinese Yuan</description><category>Asia</category></item><item><title>RUB/SEK</title><link>http://themoneyconverter.com/SEK/RUB.aspx</link><guid>http://themoneyconverter.com/SEK/RUB.aspx</guid><pubDate>Thu, 11 Sep 2008 09:31:03 GMT</pubDate><description>1 Swedish Krona = 3.77828 Russian Rouble</description><category>Asia</category></item><item><title>BRL/SEK</title><link>http://themoneyconverter.com/SEK/BRL.aspx</link><guid>http://themoneyconverter.com/SEK/BRL.aspx</guid><pubDate>Thu, 11 Sep 2008 09:31:03 GMT</pubDate><description>1 Swedish Krona = 0.25690 Brazilian Real</description><category>South America</category></item><item><title>PKR/SEK</title><link>http://themoneyconverter.com/SEK/PKR.aspx</link><guid>http://themoneyconverter.com/SEK/PKR.aspx</guid><pubDate>Thu, 11 Sep 2008 09:31:03 GMT</pubDate><description>1 Swedish Krona = 11.20582 Pakistani Rupee</description><category>Asia</category></item></channel></rss>