<?xml version="1.0" encoding="utf-8"?><?xml-stylesheet type="text/css" href="../css/rss.css" ?><rss version="2.0"><channel><title>Exchange Rates for United States Dollar</title><link>http://themoneyconverter.com/USD/</link><description>The latest currency exchange rates for United States Dollar</description><lastBuildDate>Thu, 11 Sep 2008 09:31:03 GMT</lastBuildDate><language>en-us</language><copyright>Copyright: (C) The Money Converter, see http://themoneyconverter.com/ </copyright><docs>http://themoneyconverter.com/RSSFeeds.aspx</docs><ttl>15</ttl><image><title>The Money Converter Exchange Rates</title><url>http://themoneyconverter.com/images/artwork/TheMoneyConveD01aR02aP01ZL_sml.jpg</url><link>http://themoneyconverter.com/</link></image><item><title>AED/USD</title><link>http://themoneyconverter.com/USD/AED.aspx</link><guid>http://themoneyconverter.com/USD/AED.aspx</guid><pubDate>Thu, 11 Sep 2008 09:31:03 GMT</pubDate><description>1 United States Dollar = 3.67302 Arab Emirates Dirham</description><category>Middle-East</category></item><item><title>AUD/USD</title><link>http://themoneyconverter.com/USD/AUD.aspx</link><guid>http://themoneyconverter.com/USD/AUD.aspx</guid><pubDate>Thu, 11 Sep 2008 09:31:03 GMT</pubDate><description>1 United States Dollar = 1.26172 Australian Dollar</description><category>Oceania</category></item><item><title>CAD/USD</title><link>http://themoneyconverter.com/USD/CAD.aspx</link><guid>http://themoneyconverter.com/USD/CAD.aspx</guid><pubDate>Thu, 11 Sep 2008 09:31:03 GMT</pubDate><description>1 United States Dollar = 1.07512 Canadian Dollar</description><category>North America</category></item><item><title>CHF/USD</title><link>http://themoneyconverter.com/USD/CHF.aspx</link><guid>http://themoneyconverter.com/USD/CHF.aspx</guid><pubDate>Thu, 11 Sep 2008 09:31:03 GMT</pubDate><description>1 United States Dollar = 1.14031 Swiss Franc</description><category>Europe</category></item><item><title>PHP/USD</title><link>http://themoneyconverter.com/USD/PHP.aspx</link><guid>http://themoneyconverter.com/USD/PHP.aspx</guid><pubDate>Thu, 11 Sep 2008 09:31:03 GMT</pubDate><description>1 United States Dollar = 47.13161 Philippine Peso </description><category>Asia</category></item><item><title>CZK/USD</title><link>http://themoneyconverter.com/USD/CZK.aspx</link><guid>http://themoneyconverter.com/USD/CZK.aspx</guid><pubDate>Thu, 11 Sep 2008 09:31:03 GMT</pubDate><description>1 United States Dollar = 17.69365 Czech Koruna</description><category>Europe</category></item><item><title>DKK/USD</title><link>http://themoneyconverter.com/USD/DKK.aspx</link><guid>http://themoneyconverter.com/USD/DKK.aspx</guid><pubDate>Thu, 11 Sep 2008 09:31:03 GMT</pubDate><description>1 United States Dollar = 5.36026 Danish Krone</description><category>Europe</category></item><item><title>EUR/USD</title><link>http://themoneyconverter.com/USD/EUR.aspx</link><guid>http://themoneyconverter.com/USD/EUR.aspx</guid><pubDate>Thu, 11 Sep 2008 09:31:03 GMT</pubDate><description>1 United States Dollar = 0.71880 Eurozone Euro</description><category>Europe</category></item><item><title>GBP/USD</title><link>http://themoneyconverter.com/USD/GBP.aspx</link><guid>http://themoneyconverter.com/USD/GBP.aspx</guid><pubDate>Thu, 11 Sep 2008 09:31:03 GMT</pubDate><description>1 United States Dollar = 0.57195 Pound Sterling</description><category>Europe</category></item><item><title>HKD/USD</title><link>http://themoneyconverter.com/USD/HKD.aspx</link><guid>http://themoneyconverter.com/USD/HKD.aspx</guid><pubDate>Thu, 11 Sep 2008 09:31:03 GMT</pubDate><description>1 United States Dollar = 7.79974 Hong Kong Dollar</description><category>Asia</category></item><item><title>ILS/USD</title><link>http://themoneyconverter.com/USD/ILS.aspx</link><guid>http://themoneyconverter.com/USD/ILS.aspx</guid><pubDate>Thu, 11 Sep 2008 09:31:03 GMT</pubDate><description>1 United States Dollar = 3.62680 Israeli Sheqel</description><category>Middle-East</category></item><item><title>INR/USD</title><link>http://themoneyconverter.com/USD/INR.aspx</link><guid>http://themoneyconverter.com/USD/INR.aspx</guid><pubDate>Thu, 11 Sep 2008 09:31:03 GMT</pubDate><description>1 United States Dollar = 45.53156 Indian Rupee</description><category>Asia</category></item><item><title>ISK/USD</title><link>http://themoneyconverter.com/USD/ISK.aspx</link><guid>http://themoneyconverter.com/USD/ISK.aspx</guid><pubDate>Thu, 11 Sep 2008 09:31:03 GMT</pubDate><description>1 United States Dollar = 90.57310 Icelandic Krona</description><category>Europe</category></item><item><title>JPY/USD</title><link>http://themoneyconverter.com/USD/JPY.aspx</link><guid>http://themoneyconverter.com/USD/JPY.aspx</guid><pubDate>Thu, 11 Sep 2008 09:31:03 GMT</pubDate><description>1 United States Dollar = 106.89369 Japanese Yen</description><category>Asia</category></item><item><title>MAD/USD</title><link>http://themoneyconverter.com/USD/MAD.aspx</link><guid>http://themoneyconverter.com/USD/MAD.aspx</guid><pubDate>Thu, 11 Sep 2008 09:31:03 GMT</pubDate><description>1 United States Dollar = 8.08719 Moroccan Dirham</description><category>Africa</category></item><item><title>NOK/USD</title><link>http://themoneyconverter.com/USD/NOK.aspx</link><guid>http://themoneyconverter.com/USD/NOK.aspx</guid><pubDate>Thu, 11 Sep 2008 09:31:03 GMT</pubDate><description>1 United States Dollar = 5.81282 Norwegian Krone</description><category>Europe</category></item><item><title>NZD/USD</title><link>http://themoneyconverter.com/USD/NZD.aspx</link><guid>http://themoneyconverter.com/USD/NZD.aspx</guid><pubDate>Thu, 11 Sep 2008 09:31:03 GMT</pubDate><description>1 United States Dollar = 1.54672 New Zealand Dollar</description><category>Oceania</category></item><item><title>PLN/USD</title><link>http://themoneyconverter.com/USD/PLN.aspx</link><guid>http://themoneyconverter.com/USD/PLN.aspx</guid><pubDate>Thu, 11 Sep 2008 09:31:03 GMT</pubDate><description>1 United States Dollar = 2.45587 Polish Zloty</description><category>Europe</category></item><item><title>SEK/USD</title><link>http://themoneyconverter.com/USD/SEK.aspx</link><guid>http://themoneyconverter.com/USD/SEK.aspx</guid><pubDate>Thu, 11 Sep 2008 09:31:03 GMT</pubDate><description>1 United States Dollar = 6.83151 Swedish Krona</description><category>Europe</category></item><item><title>SGD/USD</title><link>http://themoneyconverter.com/USD/SGD.aspx</link><guid>http://themoneyconverter.com/USD/SGD.aspx</guid><pubDate>Thu, 11 Sep 2008 09:31:03 GMT</pubDate><description>1 United States Dollar = 1.44508 Singapore Dollar</description><category>Asia</category></item><item><title>THB/USD</title><link>http://themoneyconverter.com/USD/THB.aspx</link><guid>http://themoneyconverter.com/USD/THB.aspx</guid><pubDate>Thu, 11 Sep 2008 09:31:03 GMT</pubDate><description>1 United States Dollar = 34.74123 Thai Baht</description><category>Asia</category></item><item><title>TRY/USD</title><link>http://themoneyconverter.com/USD/TRY.aspx</link><guid>http://themoneyconverter.com/USD/TRY.aspx</guid><pubDate>Thu, 11 Sep 2008 09:31:03 GMT</pubDate><description>1 United States Dollar = 1.25553 Turkish New Lira</description><category>Europe</category></item><item><title>ZAR/USD</title><link>http://themoneyconverter.com/USD/ZAR.aspx</link><guid>http://themoneyconverter.com/USD/ZAR.aspx</guid><pubDate>Thu, 11 Sep 2008 09:31:03 GMT</pubDate><description>1 United States Dollar = 8.24475 South African Rand</description><category>Africa</category></item><item><title>MXN/USD</title><link>http://themoneyconverter.com/USD/MXN.aspx</link><guid>http://themoneyconverter.com/USD/MXN.aspx</guid><pubDate>Thu, 11 Sep 2008 09:31:03 GMT</pubDate><description>1 United States Dollar = 10.63636 Mexican Peso</description><category>Central America</category></item><item><title>CYP/USD</title><link>http://themoneyconverter.com/USD/CYP.aspx</link><guid>http://themoneyconverter.com/USD/CYP.aspx</guid><pubDate>Thu, 11 Sep 2008 09:31:03 GMT</pubDate><description>1 United States Dollar = 0.39793 Cyprus Pound</description><category>Europe</category></item><item><title>CNY/USD</title><link>http://themoneyconverter.com/USD/CNY.aspx</link><guid>http://themoneyconverter.com/USD/CNY.aspx</guid><pubDate>Thu, 11 Sep 2008 09:31:03 GMT</pubDate><description>1 United States Dollar = 6.85013 Chinese Yuan</description><category>Asia</category></item><item><title>RUB/USD</title><link>http://themoneyconverter.com/USD/RUB.aspx</link><guid>http://themoneyconverter.com/USD/RUB.aspx</guid><pubDate>Thu, 11 Sep 2008 09:31:03 GMT</pubDate><description>1 United States Dollar = 25.81139 Russian Rouble</description><category>Asia</category></item><item><title>BRL/USD</title><link>http://themoneyconverter.com/USD/BRL.aspx</link><guid>http://themoneyconverter.com/USD/BRL.aspx</guid><pubDate>Thu, 11 Sep 2008 09:31:03 GMT</pubDate><description>1 United States Dollar = 1.75503 Brazilian Real</description><category>South America</category></item><item><title>PKR/USD</title><link>http://themoneyconverter.com/USD/PKR.aspx</link><guid>http://themoneyconverter.com/USD/PKR.aspx</guid><pubDate>Thu, 11 Sep 2008 09:31:03 GMT</pubDate><description>1 United States Dollar = 76.55269 Pakistani Rupee</description><category>Asia</category></item></channel></rss>